Date,Total Doses - Daily,Total Doses - Cumulative,1st Dose - Daily,1st Dose - Cumulative,1st Dose - Percent Population,Vaccine Series Completed - Daily,Vaccine Series Completed - Cumulative,Vaccine Series Completed - Percent Population,Total Doses - Daily - Age 0-17,Total Doses - Daily - Age 18-29,Total Doses - Daily - Age 30-39,Total Doses - Daily - Age 40-49,Total Doses - Daily - Age 50-59,Total Doses - Daily - Age 60-69,Total Doses - Daily - Age 70-79,Total Doses - Daily - Age 80+,Total Doses - Daily - Age 18+,Total Doses - Daily - Age 65+,Total Doses - Daily - Age 75+,Total Doses - Daily - Unknown Age,Total Doses - Daily - Female,Total Doses - Daily - Male,Total Doses - Daily - Unknown Gender,Total Doses - Daily - Latinx,Total Doses - Daily - Asian Non-Latinx,Total Doses - Daily - Black Non-Latinx,Total Doses - Daily - White Non-Latinx,Total Doses - Daily - Other Non-Latinx,Total Doses - Daily - Unknown Race/Ethnicity,1st Dose - Daily - Age 0-17,1st Dose - Daily - Age 18-29,1st Dose - Daily - Age 30-39,1st Dose - Daily - Age 40-49,1st Dose - Daily - Age 50-59,1st Dose - Daily - Age 60-69,1st Dose - Daily - Age 70-79,1st Dose - Daily -  Age 80+,1st Dose - Daily - Age 18+,1st Dose - Daily - Age 65+,1st Dose - Daily - Age 75+,1st Dose - Daily - Unknown Age,1st Dose - Daily - Female,1st Dose - Daily - Male,1st Dose - Daily - Unknown Gender,1st Dose - Daily - Latinx,1st Dose - Daily - Asian Non-Latinx,1st Dose - Daily - Black Non-Latinx,1st Dose - Daily - White Non-Latinx,1st Dose - Daily - Other Race Non-Latinx,1st Dose - Daily - Unknown Race/Ethnicity,Vaccine Series Completed - Daily - Age 0-17,Vaccine Series Completed - Daily - Age 18-29,Vaccine Series Completed - Daily - Age 30-39,Vaccine Series Completed - Daily - Age 40-49,Vaccine Series Completed - Daily - Age 50-59,Vaccine Series Completed - Daily - Age 60-69,Vaccine Series Completed - Daily - Age 70-79,Vaccine Series Completed - Daily - Age 80+,Vaccine Series Completed - Daily - Age 18+,Vaccine Series Completed - Daily - Age 65+,Vaccine Series Completed - Daily - Age 75+,Vaccine Series Completed - Daily - Unknown Age,Vaccine Series Completed - Daily - Female,Vaccine Series Completed - Daily - Male,Vaccine Series Completed - Daily - Unknown Gender,Vaccine Series Completed - Daily - Latinx,Vaccine Series Completed - Daily - Asian Non-Latinx,Vaccine Series Completed - Daily - Black Non-Latinx,Vaccine Series Completed - Daily - White Non-Latinx,Vaccine Series Completed - Daily - Other Race Non-Latinx,Vaccine Series Completed - Daily - Unknown Race/Ethnicity
12/15/2020,6,6,6,6,0,0,0,0,0,0,1,2,2,0,1,0,6,1,0,0,4,2,0,0,0,2,2,1,1,0,0,1,2,2,0,1,0,6,1,0,0,4,2,0,0,0,2,2,1,1,0,0,0,0,0,0,0,0,0,0,0,0,0,0,0,0,0,0,0,0,0
12/16/2020,150,156,150,156,0,0,0,0,0,22,55,37,16,19,1,0,150,8,0,0,79,66,5,20,26,13,58,11,22,0,22,55,37,16,19,1,0,150,8,0,0,79,66,5,20,26,13,58,11,22,0,0,0,0,0,0,0,0,0,0,0,0,0,0,0,0,0,0,0,0,0
12/17/2020,1980,2136,1980,2136,0.001,0,0,0,0,505,801,311,218,115,27,3,1980,69,10,0,1128,755,97,154,247,168,1046,103,262,0,505,801,311,218,115,27,3,1980,69,10,0,1128,755,97,154,247,168,1046,103,262,0,0,0,0,0,0,0,0,0,0,0,0,0,0,0,0,0,0,0,0,0
12/18/2020,5715,7851,5715,7851,0.003,0,0,0,0,1464,2184,947,624,414,71,11,5715,229,36,0,3485,1934,296,475,777,359,2968,347,789,0,1464,2184,947,624,414,71,11,5715,229,36,0,3485,1934,296,475,777,359,2968,347,789,0,0,0,0,0,0,0,0,0,0,0,0,0,0,0,0,0,0,0,0,0
12/19/2020,3430,11281,3430,11281,0.004,0,0,0,0,822,1349,564,406,253,33,3,3430,132,8,0,2182,1132,116,301,431,207,1813,226,452,0,822,1349,564,406,253,33,3,3430,132,8,0,2182,1132,116,301,431,207,1813,226,452,0,0,0,0,0,0,0,0,0,0,0,0,0,0,0,0,0,0,0,0,0
12/20/2020,933,12214,933,12214,0.005,0,0,0,0,218,344,185,120,58,7,1,933,22,2,0,616,315,2,87,114,66,523,36,107,0,218,344,185,120,58,7,1,933,22,2,0,616,315,2,87,114,66,523,36,107,0,0,0,0,0,0,0,0,0,0,0,0,0,0,0,0,0,0,0,0,0
12/21/2020,4378,16592,4378,16592,0.006,0,0,0,1,1211,1633,670,501,300,56,6,4377,176,25,0,2786,1355,237,437,562,330,2125,221,703,1,1211,1633,670,501,300,56,6,4377,176,25,0,2786,1355,237,437,562,330,2125,221,703,0,0,0,0,0,0,0,0,0,0,0,0,0,0,0,0,0,0,0,0,0
12/22/2020,3645,20237,3645,20237,0.008,0,0,0,1,976,1338,575,427,267,51,10,3644,153,32,0,2400,1168,77,414,495,336,1808,172,420,1,976,1338,575,427,267,51,10,3644,153,32,0,2400,1168,77,414,495,336,1808,172,420,0,0,0,0,0,0,0,0,0,0,0,0,0,0,0,0,0,0,0,0,0
12/23/2020,2785,23022,2785,23022,0.009,0,0,0,0,690,955,462,395,228,48,7,2785,117,23,0,1801,945,39,391,410,349,1268,117,250,0,690,955,462,395,228,48,7,2785,117,23,0,1801,945,39,391,410,349,1268,117,250,0,0,0,0,0,0,0,0,0,0,0,0,0,0,0,0,0,0,0,0,0
12/24/2020,967,23989,967,23989,0.009,0,0,0,1,217,328,151,138,89,21,22,966,74,29,0,604,347,16,127,142,137,425,42,94,1,217,328,151,138,89,21,22,966,74,29,0,604,347,16,127,142,137,425,42,94,0,0,0,0,0,0,0,0,0,0,0,0,0,0,0,0,0,0,0,0,0
12/25/2020,3,23992,3,23992,0.009,0,0,0,0,1,1,0,0,0,1,0,3,1,0,0,1,2,0,0,1,0,2,0,0,0,1,1,0,0,0,1,0,3,1,0,0,1,2,0,0,1,0,2,0,0,0,0,0,0,0,0,0,0,0,0,0,0,0,0,0,0,0,0,0,0,0
12/26/2020,481,24473,481,24473,0.009,0,0,0,0,132,170,67,57,44,9,2,481,27,6,0,347,128,6,43,58,25,282,19,54,0,132,170,67,57,44,9,2,481,27,6,0,347,128,6,43,58,25,282,19,54,0,0,0,0,0,0,0,0,0,0,0,0,0,0,0,0,0,0,0,0,0
12/27/2020,10,24483,10,24483,0.009,0,0,0,0,3,4,1,2,0,0,0,10,0,0,0,4,6,0,1,1,1,7,0,0,0,3,4,1,2,0,0,0,10,0,0,0,4,6,0,1,1,1,7,0,0,0,0,0,0,0,0,0,0,0,0,0,0,0,0,0,0,0,0,0,0,0
03/25/2021,17549,1006698,13014,679673,0.252,5100,342996,0.127,42,3237,3725,2972,2918,2606,1335,714,17507,3133,1235,0,9227,8198,124,5361,1373,3408,6378,262,767,30,2690,3015,2236,2245,1770,675,353,12984,1610,598,0,6699,6208,107,3514,1181,2314,5173,200,632,12,646,815,863,798,908,680,378,5088,1572,662,0,2794,2286,20,2075,220,1194,1386,73,152
01/07/2021,5935,58417,2859,54134,0.02,3076,4283,0.002,2,1401,1949,1015,856,547,131,34,5933,366,79,0,3616,2212,107,640,620,748,2965,271,691,2,693,767,494,493,295,87,28,2857,219,56,0,1780,1069,10,380,240,515,1342,107,275,0,708,1182,521,363,252,44,6,3076,147,23,0,1836,1143,97,260,380,233,1623,164,416
01/08/2021,8858,67275,3682,57816,0.021,5176,9459,0.004,1,2050,2778,1359,1119,813,365,373,8857,1067,528,0,5453,2963,442,865,962,1083,4259,492,1197,0,710,780,508,556,471,289,368,3682,864,499,0,2260,1294,128,484,310,779,1482,174,453,1,1340,1998,851,563,342,76,5,5175,203,29,0,3193,1669,314,381,652,304,2777,318,744
01/09/2021,4141,71416,1425,59241,0.022,2716,12175,0.005,0,1053,1501,651,463,295,92,86,4141,295,122,0,2674,1348,119,476,517,442,1988,231,487,0,350,359,223,188,151,70,84,1425,218,115,0,978,433,14,235,152,287,563,53,135,0,703,1142,428,275,144,22,2,2716,77,7,0,1696,915,105,241,365,155,1425,178,352
01/10/2021,1411,72827,631,59872,0.022,780,12955,0.005,0,337,408,192,178,171,55,70,1411,194,91,0,933,477,1,154,157,171,747,54,128,0,109,113,69,91,127,53,69,631,183,90,0,383,247,1,72,49,102,329,29,50,0,228,295,123,87,44,2,1,780,11,1,0,550,230,0,82,108,69,418,25,78
01/11/2021,5744,78571,2019,61891,0.023,3725,16680,0.006,0,1437,1867,839,707,553,188,153,5744,582,225,0,3513,1783,448,622,732,627,2569,292,902,0,372,428,292,319,308,151,149,2019,446,210,0,1176,629,214,259,245,377,793,79,266,0,1065,1439,547,388,245,37,4,3725,136,15,0,2337,1154,234,363,487,250,1776,213,636
01/12/2021,6794,85365,3738,65629,0.024,3056,19736,0.007,2,1561,1925,1098,973,750,304,181,6792,815,292,0,4282,2204,308,933,744,1038,3113,297,669,2,755,832,624,575,511,264,175,3736,685,273,0,2275,1228,235,570,347,761,1573,151,336,0,806,1093,474,398,239,40,6,3056,130,19,0,2007,976,73,363,397,277,1540,146,333
01/13/2021,6670,92035,4267,69896,0.026,2403,22139,0.008,2,1409,1639,1047,1071,747,371,384,6668,1042,525,0,4064,2423,183,995,729,1126,2980,248,592,2,841,844,634,724,542,318,362,4265,901,483,0,2462,1648,157,665,384,853,1839,142,384,0,568,795,413,347,205,53,22,2403,141,42,0,1602,775,26,330,345,273,1141,106,208
01/14/2021,4767,96802,3931,73827,0.027,836,22975,0.009,0,977,1140,704,747,642,341,216,4767,842,357,0,2911,1704,152,907,439,839,2019,149,414,0,790,837,562,634,563,332,213,3931,808,354,0,2393,1396,142,794,325,734,1621,116,341,0,187,303,142,113,79,9,3,836,34,3,0,518,308,10,113,114,105,398,33,73
01/15/2021,4340,101142,3860,77687,0.029,480,23455,0.009,3,960,1081,688,660,499,252,197,4337,650,296,0,2753,1397,190,681,444,780,1912,142,381,2,844,942,598,599,445,234,196,3858,614,287,0,2457,1232,171,626,366,708,1688,129,343,1,116,139,90,61,54,18,1,479,36,9,0,296,165,19,55,78,72,224,13,38
01/16/2021,3089,104231,2584,80271,0.03,505,23960,0.009,1,669,735,486,421,306,218,253,3088,598,343,0,1961,970,158,444,284,446,1466,118,331,1,531,569,397,352,272,209,253,2583,579,339,0,1670,763,151,377,202,394,1241,94,276,0,138,166,89,69,34,9,0,505,19,4,0,291,207,7,67,82,52,225,24,55
01/17/2021,1277,105508,849,81120,0.03,428,24388,0.009,0,258,294,171,142,146,122,144,1277,340,199,0,840,435,2,98,95,112,814,43,115,0,133,137,105,96,119,115,144,849,321,199,0,546,301,2,64,53,89,539,27,77,0,125,157,66,46,27,7,0,428,19,0,0,294,134,0,34,42,23,275,16,38
01/18/2021,4369,109877,2878,83998,0.031,1491,25879,0.01,1,878,1040,606,564,470,487,323,4368,1047,616,0,2507,1422,440,538,352,647,2146,178,508,1,511,532,369,341,341,462,321,2877,976,607,0,1536,974,368,356,177,505,1463,93,284,0,367,508,237,223,129,25,2,1491,71,9,0,971,448,72,182,175,142,683,85,224
01/19/2021,6031,115908,3731,87729,0.033,2300,28179,0.01,2,1142,1365,951,809,795,626,341,6029,1417,652,0,3656,2210,165,986,515,1148,2828,162,392,2,603,654,525,468,555,589,335,3729,1279,637,0,2146,1468,117,579,239,864,1779,77,193,0,539,711,426,341,240,37,6,2300,138,15,0,1510,742,48,407,276,284,1049,85,199
01/20/2021,8109,124017,5386,93115,0.035,2723,30902,0.011,5,1563,1715,1161,1086,1208,988,383,8104,2119,775,0,4978,2978,153,1414,715,1465,3690,243,582,4,808,960,714,682,918,929,371,5382,1930,745,0,3131,2122,133,962,347,1052,2525,143,357,1,755,755,447,404,290,59,12,2722,189,30,0,1847,856,20,452,368,413,1165,100,225
01/21/2021,10497,134514,8697,101812,0.038,1800,32702,0.012,3,1592,1752,1255,1138,1796,1785,1176,10494,4237,1930,0,6306,3987,204,1612,776,2015,5179,305,610,3,1054,1264,939,881,1625,1758,1173,8694,4149,1917,0,5117,3412,168,1339,539,1764,4365,243,447,0,538,488,316,257,171,27,3,1800,88,13,0,1189,575,36,273,237,251,814,62,163
01/22/2021,9648,144162,8692,110504,0.041,956,33658,0.012,6,1210,1448,1002,899,1695,2062,1326,9642,4728,2198,0,5851,3621,176,1381,530,1914,5018,281,524,6,970,1180,798,751,1623,2040,1324,8686,4681,2191,0,5206,3324,162,1281,436,1779,4573,236,387,0,240,268,204,148,72,22,2,956,47,7,0,645,297,14,100,94,135,445,45,137
01/23/2021,4941,149103,4378,114882,0.043,563,34221,0.013,3,715,821,517,419,964,1078,424,4938,2253,839,0,3067,1791,83,802,344,882,2459,137,317,3,524,681,428,341,919,1062,420,4375,2214,829,0,2708,1587,83,735,258,826,2232,110,217,0,191,140,89,78,45,16,4,563,39,10,0,359,204,0,67,86,56,227,27,100
01/24/2021,1716,150819,1590,116472,0.043,126,34347,0.013,0,261,339,241,170,272,311,122,1716,643,229,0,1094,622,0,205,102,292,953,54,110,0,223,308,221,144,264,309,121,1590,636,227,0,1015,575,0,189,89,284,887,43,98,0,38,31,20,26,8,2,1,126,7,2,0,79,47,0,16,13,8,66,11,12
01/25/2021,8119,158938,5964,122436,0.045,2155,36502,0.014,0,1253,1424,1152,1041,1367,1334,548,8119,2805,1061,0,4721,3339,59,1242,549,1759,3665,254,650,0,662,930,797,687,1142,1271,475,5964,2590,967,0,3387,2529,48,911,275,1324,2832,180,442,0,591,494,355,354,225,63,73,2155,215,94,0,1334,810,11,331,274,435,833,74,208
01/26/2021,9625,168563,6489,128925,0.048,3136,39638,0.015,6,1590,1827,1436,1201,1684,1354,527,9619,2946,1081,0,5526,3918,181,1567,656,1923,4213,323,943,4,677,1000,925,791,1355,1262,475,6485,2669,991,0,3561,2897,31,1173,351,1432,2978,168,387,2,913,827,511,410,329,92,52,3134,277,90,0,1965,1021,150,394,305,491,1235,155,556
01/27/2021,11529,180092,8842,137767,0.051,2687,42325,0.016,3,1312,1919,1564,1475,2284,2022,950,11526,4557,1749,0,6658,4837,34,1966,825,2642,4953,348,795,2,803,1343,1133,1042,1887,1838,794,8840,4041,1514,0,4903,3911,28,1591,554,2070,3878,252,497,1,509,576,431,433,397,184,156,2686,516,235,0,1755,926,6,375,271,572,1075,96,298
01/28/2021,12027,192119,10056,147823,0.055,1971,44296,0.016,5,1570,2156,1603,1335,2005,2092,1261,12022,4795,2090,0,7070,4715,242,2127,798,2536,5359,370,837,4,1018,1607,1259,1044,1838,2047,1239,10052,4674,2052,0,5808,4125,123,1817,588,2250,4569,271,561,1,552,549,344,291,167,45,22,1970,121,38,0,1262,590,119,310,210,286,790,99,276
01/29/2021,12265,204384,10825,158648,0.059,1440,45736,0.017,11,1348,1831,1377,1299,2302,2616,1481,12254,5770,2708,0,7437,4721,107,2310,703,2982,5194,335,741,11,995,1456,1126,1075,2123,2576,1463,10814,5645,2676,0,6496,4284,45,2064,551,2670,4669,299,572,0,353,375,251,224,179,40,18,1440,125,32,0,941,437,62,246,152,312,525,36,169
01/30/2021,6719,211103,5310,163958,0.061,1409,47145,0.018,6,885,1105,871,799,1173,1131,749,6713,2723,1215,0,4172,2524,23,1563,440,1254,2897,174,391,5,551,824,691,643,1041,1027,528,5305,2334,946,0,3187,2105,18,1349,310,1082,2173,122,274,1,334,281,180,156,132,104,221,1408,389,269,0,985,419,5,214,130,172,724,52,117
01/31/2021,2655,213758,2180,166138,0.062,475,47620,0.018,0,366,612,450,398,375,275,179,2655,655,295,0,1657,991,7,540,203,305,1304,79,224,0,303,483,389,330,333,228,114,2180,524,211,0,1344,830,6,480,123,264,1091,61,161,0,63,129,61,68,42,47,65,475,131,84,0,313,161,1,60,80,41,213,18,63
02/01/2021,8101,221859,6192,172330,0.064,1909,49529,0.018,3,814,1334,1085,996,1687,1515,667,8098,3379,1217,0,4729,3302,70,1782,552,1739,3205,260,563,3,504,907,775,653,1423,1397,530,6189,3020,1041,0,3563,2604,25,1523,350,1397,2406,152,364,0,310,427,310,343,264,118,137,1909,359,176,0,1166,698,45,259,202,342,799,108,199
02/02/2021,12308,234167,8665,180995,0.067,3643,53172,0.02,8,1820,2311,1845,1699,2298,1635,692,12300,3830,1249,0,7068,5015,225,2560,907,2613,4981,399,848,7,1009,1415,1209,1134,1826,1466,599,8658,3357,1104,0,4810,3785,70,2032,561,1907,3467,221,477,1,811,896,636,565,472,169,93,3642,473,145,0,2258,1230,155,528,346,706,1514,178,371
02/03/2021,13015,247182,9913,190908,0.071,3102,56274,0.021,4,1595,2134,1735,1837,2591,2159,960,13011,4810,1758,0,7459,5432,124,2832,883,2974,4984,396,946,3,1013,1484,1258,1257,2085,1961,852,9910,4294,1589,0,5630,4220,63,2396,553,2226,3844,276,618,1,582,650,477,580,506,198,108,3101,516,169,0,1829,1212,61,436,330,748,1140,120,328
02/04/2021,15444,262626,12523,203431,0.076,2921,59195,0.022,11,1753,2278,1877,1928,2898,3245,1454,15433,6699,3054,0,9025,6263,156,3158,894,3401,6725,397,869,10,1117,1547,1410,1443,2585,3073,1338,12513,6292,2847,0,7217,5220,86,2673,649,2885,5391,302,623,1,636,731,467,485,313,172,116,2920,407,207,0,1808,1043,70,485,245,516,1334,95,246
02/05/2021,16729,279355,12628,216059,0.08,4101,63296,0.023,12,2183,2722,1989,2015,2836,3304,1668,16717,6835,3426,0,9911,6666,152,3484,1105,3360,7287,461,1032,12,1407,1821,1428,1416,2358,2939,1247,12616,5827,2820,0,7312,5239,77,2898,728,2597,5386,311,708,0,776,901,561,599,478,365,421,4101,1008,606,0,2599,1427,75,586,377,763,1901,150,324
02/06/2021,9090,288445,7014,223073,0.083,2076,65372,0.024,13,1281,1494,1219,1233,1675,1367,808,9077,3258,1338,0,5585,3417,88,2236,558,1632,3720,276,668,12,786,1002,895,965,1439,1203,712,7002,2866,1167,0,4210,2792,12,1874,385,1252,2795,200,508,1,495,492,324,268,236,164,96,2075,392,171,0,1375,625,76,362,173,380,925,76,160
02/07/2021,3176,291621,2621,225694,0.084,555,65927,0.024,1,459,503,395,386,577,468,387,3175,1222,568,0,1947,1226,3,384,189,572,1597,110,324,1,338,409,333,313,495,419,313,2620,1058,472,0,1599,1021,1,324,152,487,1288,86,284,0,121,94,62,73,82,49,74,555,164,96,0,348,205,2,60,37,85,309,24,40
02/08/2021,9915,301536,7281,232975,0.086,2634,68561,0.025,4,1093,1368,1111,1254,2123,1927,1035,9911,4445,1809,0,5575,4118,222,2068,669,2251,4032,231,664,4,637,931,829,921,1750,1540,669,7277,3457,1238,0,4075,3154,52,1766,430,1682,2820,147,436,0,456,437,282,333,373,387,366,2634,988,571,0,1500,964,170,302,239,569,1212,84,228
02/09/2021,11476,313012,8172,241147,0.09,3304,71865,0.027,14,1289,1785,1603,1569,2275,2064,877,11462,4416,1757,0,6367,4917,192,2548,803,2637,4707,247,534,12,747,1185,1100,1092,1782,1658,596,8160,3451,1262,0,4495,3629,48,2025,535,1841,3262,168,341,2,542,600,503,477,493,406,281,3302,965,495,0,1872,1288,144,523,268,796,1445,79,193
02/10/2021,16395,329407,11317,252464,0.094,5078,76943,0.029,16,1793,2505,2083,2216,3027,3277,1478,16379,6771,2676,0,9326,6847,222,3326,1006,3522,7258,416,867,14,1040,1622,1363,1449,2215,2632,982,11303,5151,1922,0,6433,4784,100,2562,658,2401,4879,259,558,2,753,883,720,767,812,645,496,5076,1620,754,0,2893,2063,122,764,348,1121,2379,157,309
02/11/2021,18384,347791,10484,262948,0.098,7900,84843,0.031,7,1958,2708,2285,2320,3621,3448,2037,18377,8022,3435,0,10676,7424,284,3953,1159,4139,7836,439,858,4,1049,1537,1429,1454,2168,1923,920,10480,4331,1680,0,6026,4378,80,2733,663,2438,3926,227,497,3,909,1171,856,866,1453,1525,1117,7897,3691,1755,0,4650,3046,204,1220,496,1701,3910,212,361
02/12/2021,16868,364659,10175,273123,0.101,6693,91536,0.034,5,1883,2456,1955,1838,3324,3420,1987,16863,7794,3368,0,9974,6650,244,3314,900,3446,7968,433,807,2,1153,1694,1390,1335,2092,1782,727,10173,3888,1387,0,5849,4246,80,2517,543,1932,4409,242,532,3,730,762,565,503,1232,1638,1260,6690,3906,1981,0,4125,2404,164,797,357,1514,3559,191,275
02/13/2021,11704,376363,8129,281252,0.104,3575,95111,0.035,7,1345,1725,1473,1677,2417,2016,1044,11697,4612,1802,0,6906,4603,195,2702,805,2563,4487,250,897,7,949,1256,1154,1394,1713,1121,535,8122,2663,953,0,4675,3425,29,2167,594,1753,2750,172,693,0,396,469,319,283,704,895,509,3575,1949,849,0,2231,1178,166,535,211,810,1737,78,204
02/14/2021,3575,379938,2748,284000,0.105,827,95938,0.036,2,483,571,571,500,626,503,319,3573,1195,534,0,2055,1518,2,764,164,437,1655,112,443,1,343,434,452,403,513,409,193,2747,915,357,0,1506,1240,2,683,115,370,1131,77,372,1,140,137,119,97,113,94,126,826,280,177,0,549,278,0,81,49,67,524,35,71
02/15/2021,8309,388247,5690,289690,0.108,2619,98557,0.037,5,930,1217,1149,1111,1780,1530,587,8304,3318,1146,0,4587,3575,147,2098,504,1879,3119,229,480,5,582,810,862,822,1295,958,356,5685,2155,684,0,3119,2554,17,1726,354,1173,1986,148,303,0,348,407,287,289,485,572,231,2619,1163,462,0,1468,1021,130,372,150,706,1133,81,177
02/16/2021,7968,396215,5470,295160,0.11,2498,101055,0.038,3,880,1185,1045,976,1826,1567,486,7965,3411,935,0,4264,3555,149,1661,410,1447,3818,209,423,3,569,749,740,687,1365,1077,280,5467,2375,513,0,2926,2514,30,1297,289,778,2711,133,262,0,311,436,305,289,461,490,206,2498,1036,422,0,1338,1041,119,364,121,669,1107,76,161
02/17/2021,12842,409057,6332,301492,0.112,6511,107566,0.04,17,1402,2039,1706,1549,2595,2504,1030,12825,5369,2035,0,7192,5531,119,2645,997,2805,5384,382,629,13,704,975,872,810,1343,1123,492,6319,2512,950,0,3487,2828,17,1524,618,1218,2504,174,294,4,698,1064,834,739,1252,1381,539,6507,2858,1086,0,3706,2703,102,1121,380,1587,2880,208,335
02/18/2021,14877,423934,7419,308911,0.115,7458,115024,0.043,4,1526,2123,1769,1786,3068,2989,1612,14873,6804,2795,0,8328,6368,181,2975,876,3370,6573,407,676,1,751,975,881,972,1787,1450,602,7418,3290,1129,0,4045,3343,31,1798,463,1699,2931,197,331,3,775,1148,888,814,1281,1539,1010,7455,3514,1666,0,4283,3025,150,1177,413,1671,3642,210,345
02/19/2021,14431,438365,6522,315433,0.117,7909,122933,0.046,15,1597,2077,1611,1671,2760,2976,1724,14416,6666,3098,0,8563,5746,122,2853,847,3587,6109,359,676,7,782,979,832,916,1404,1069,533,6515,2535,942,0,3665,2833,24,1606,411,1713,2364,140,288,8,815,1098,779,755,1356,1907,1191,7901,4131,2156,0,4898,2913,98,1247,436,1874,3745,219,388
02/20/2021,8586,446951,4378,319811,0.119,4208,127141,0.047,12,1060,1449,1428,1265,1448,1280,644,8574,2817,1186,0,5044,3462,80,2908,577,1304,3040,192,565,6,553,666,807,756,767,524,299,4372,1234,530,0,2439,1934,5,1999,236,569,1099,82,393,6,507,783,621,509,681,756,345,4202,1583,656,0,2605,1528,75,909,341,735,1941,110,172
02/21/2021,3535,450486,1996,321807,0.119,1539,128680,0.048,6,549,694,635,540,504,406,201,3529,884,367,0,2087,1442,6,807,160,482,1526,90,470,6,279,334,333,319,315,254,156,1990,562,258,0,1110,884,2,618,75,300,614,46,343,0,270,360,302,221,189,152,45,1539,322,109,0,977,558,4,189,85,182,912,44,127
02/22/2021,10870,461356,4728,326535,0.121,6142,134822,0.05,2,1051,1598,1525,1412,2338,2108,836,10868,4530,1600,0,5975,4769,126,2556,470,2533,4423,275,613,0,485,632,668,670,1103,810,360,4728,1841,664,0,2520,2165,43,1534,178,1310,1367,108,231,2,566,966,857,742,1235,1298,476,6140,2689,936,0,3455,2604,83,1022,292,1223,3056,167,382
02/23/2021,14762,476118,7700,334235,0.124,7065,141887,0.053,11,1699,2207,2003,1937,3160,2694,1051,14751,5917,1977,0,8194,6453,115,3679,973,3014,6018,317,761,3,808,934,938,994,1830,1569,624,7697,3450,1124,0,4215,3446,39,2209,524,1644,2747,160,416,8,891,1273,1065,943,1330,1128,427,7057,2470,853,0,3981,3008,76,1470,449,1371,3272,157,346
02/24/2021,15880,491998,8077,342312,0.127,7803,149690,0.056,10,1777,2553,2124,2075,3252,2872,1217,15870,6308,2332,0,8902,6923,55,4010,1252,3077,6297,367,877,6,933,1248,1167,1182,1650,1362,529,8071,2944,1032,0,4444,3594,39,2630,712,1539,2544,186,466,4,844,1305,957,893,1602,1510,688,7799,3364,1300,0,4458,3329,16,1380,540,1538,3753,181,411
02/25/2021,18672,510670,8575,350887,0.13,10097,159787,0.059,17,1797,2567,2343,2170,3795,4109,1874,18655,8617,3750,0,10620,7995,57,4785,1018,4141,7256,462,1010,9,992,1356,1300,1223,1685,1333,677,8566,3006,1203,0,4745,3787,43,2943,431,1922,2541,213,525,8,805,1211,1043,947,2110,2776,1197,10089,5611,2547,0,5875,4208,14,1842,587,2219,4715,249,485
02/26/2021,20318,530988,10114,361001,0.134,10205,169992,0.063,24,2179,3028,2558,2546,3934,4293,1756,20294,8696,3846,0,11643,8601,74,5080,1116,4447,7843,535,1297,12,1132,1641,1474,1556,2029,1552,718,10102,3456,1343,0,5717,4352,45,3093,550,2319,3103,270,779,12,1047,1387,1084,990,1905,2742,1038,10193,5241,2504,0,5927,4249,29,1987,566,2128,4741,265,518
02/27/2021,15506,546494,10556,371557,0.138,4950,174942,0.065,20,1908,2553,2500,2413,3011,2090,1011,15486,4820,1832,0,8820,6662,24,5103,880,3052,4840,403,1228,14,1304,1718,1798,1834,2000,1270,618,10542,2893,1138,0,5883,4653,20,3873,581,2179,2659,280,984,6,604,835,702,579,1011,820,393,4944,1927,694,0,2937,2009,4,1230,299,873,2181,123,244
02/28/2021,6777,553271,4496,376053,0.14,2281,177223,0.066,12,947,1108,1139,1109,1264,767,431,6765,1826,740,0,3999,2773,5,1828,286,989,2238,240,1196,12,601,648,804,833,888,456,254,4484,1086,436,0,2526,1966,4,1353,148,663,1163,177,992,0,346,460,335,276,376,311,177,2281,740,304,0,1473,807,1,475,138,326,1075,63,204
03/01/2021,12901,566172,7106,383159,0.142,5795,183018,0.068,15,1207,1871,1755,1665,2921,2385,1082,12886,5442,1985,0,7354,5515,32,3217,676,3028,4615,344,1021,9,722,1073,1048,1109,1550,1049,546,7097,2511,946,0,3960,3128,18,1899,355,1733,2169,228,722,6,485,798,707,556,1371,1336,536,5789,2931,1039,0,3394,2387,14,1318,321,1295,2446,116,299
03/02/2021,15154,581326,7966,391125,0.145,7189,190207,0.071,14,1603,2405,2219,2149,3144,2511,1109,15140,5662,2043,0,8274,6811,69,4023,885,3340,5427,398,1081,8,891,1375,1315,1232,1544,1073,528,7958,2477,927,0,4326,3627,13,2267,434,1618,2660,246,741,6,712,1030,904,917,1600,1438,582,7183,3186,1117,0,3949,3184,56,1756,451,1722,2767,152,341
03/03/2021,18619,599945,9058,400183,0.149,9569,199776,0.074,21,1943,2791,2480,2492,3647,3690,1555,18598,7565,2910,0,10526,7906,187,4634,1050,4092,6832,605,1406,12,1204,1620,1389,1419,1683,1132,599,9046,2644,1033,0,5056,3924,78,2453,489,2004,2931,307,874,9,739,1172,1092,1074,1966,2560,957,9560,4926,1879,0,5475,3985,109,2184,563,2088,3903,298,533
03/04/2021,17978,617923,10019,410202,0.152,8098,207874,0.077,11,1960,2746,2337,2529,3840,3123,1432,17967,7143,2594,0,10150,7745,83,4555,917,4201,6711,475,1119,10,1123,1531,1348,1418,2151,1638,800,10009,3847,1379,0,5558,4447,14,2577,470,2472,3500,300,700,1,861,1240,1021,1144,1709,1488,634,8097,3305,1218,0,4654,3375,69,2011,458,1744,3263,182,440
03/05/2021,19261,637184,11741,421943,0.157,7927,215801,0.08,20,2170,3127,2779,2878,4007,2909,1371,19241,6798,2412,0,10998,8160,103,4822,1211,4501,6850,508,1369,18,1249,1888,1755,1842,2481,1740,768,11723,4038,1379,0,6606,5083,52,2788,777,2956,3934,338,948,2,958,1338,1094,1152,1589,1181,613,7925,2806,1045,0,4566,3306,55,2126,465,1594,3128,181,433
03/06/2021,12695,649879,6978,428921,0.159,6084,221885,0.082,31,1492,2109,1882,2159,2373,1636,1013,12664,3950,1639,0,7525,5138,32,3868,757,2436,4436,310,888,21,885,1267,1124,1245,1216,789,431,6957,1845,727,0,3958,3002,18,2238,451,1381,2263,170,475,10,655,922,814,1007,1216,862,598,6074,2162,931,0,3729,2340,15,1713,331,1084,2377,142,437
03/07/2021,5783,655662,4210,433131,0.161,2348,224233,0.083,10,694,979,979,1033,1098,669,321,5773,1487,580,0,3237,2538,8,1387,233,1073,1926,192,972,9,535,714,778,838,778,382,176,4201,840,324,0,2323,1879,8,1161,154,825,1142,134,794,1,210,349,332,390,510,371,185,2347,821,328,0,1376,970,2,258,94,739,894,90,273
03/10/2021,21693,707911,14346,464500,0.172,8269,247480,0.092,28,2697,3767,3208,3459,4137,2997,1400,21665,6785,2534,0,11827,9823,43,5434,1424,4786,8635,441,973,24,1962,2625,2237,2446,2563,1657,832,14322,3833,1447,0,7796,6528,22,3448,923,3363,5645,297,670,5,889,1317,1140,1197,1694,1412,615,8264,3126,1161,0,4481,3767,21,2211,573,1550,3452,164,319
03/11/2021,23399,731310,14910,479410,0.178,9422,256902,0.095,21,2714,3975,3409,3470,4933,3401,1476,23378,7652,2775,0,12801,10506,92,5747,1529,5062,9455,523,1083,18,1931,2750,2216,2343,3070,1771,811,14892,4039,1466,0,8048,6825,37,3598,1000,3441,5845,306,720,3,925,1424,1367,1293,2009,1693,708,9419,3776,1374,0,5212,4154,56,2337,595,1757,4100,237,396
03/12/2021,26626,757936,16801,496211,0.184,10858,267760,0.099,41,3197,4661,3923,4091,5949,3379,1385,26585,7576,2581,0,14862,11717,47,6464,1654,5520,11278,563,1147,36,2082,3068,2478,2755,3921,1738,723,16765,3904,1336,0,9254,7515,32,3953,1077,3674,6962,363,772,5,1255,1829,1631,1554,2176,1709,699,10853,3834,1305,0,6115,4728,15,2794,639,1962,4843,222,398
03/13/2021,18577,776513,11648,507859,0.189,8009,275769,0.102,27,2582,3321,3043,3245,3280,2077,1002,18550,4780,1768,0,10539,8012,26,6027,1110,4043,6185,360,852,24,1796,2243,2063,2148,1887,1011,476,11624,2359,829,0,6444,5182,22,4271,736,2357,3503,234,547,3,932,1305,1187,1309,1561,1152,560,8006,2609,1006,0,4645,3360,4,2010,433,1886,3179,159,342
03/14/2021,8855,785368,6947,514806,0.191,2138,277907,0.103,7,1147,1482,1293,1483,1759,1109,575,8848,2614,969,0,4935,3895,25,1791,582,2312,3563,161,446,6,954,1171,1058,1265,1383,752,358,6941,1780,613,0,3787,3135,25,1488,455,1988,2544,122,350,1,237,378,283,251,396,369,223,2137,860,366,0,1269,869,0,331,143,361,1162,40,101
03/15/2021,18802,804170,13365,528171,0.196,6012,283919,0.105,15,2910,3697,3113,3070,3191,1992,814,18787,4450,1547,0,9945,8798,59,4929,1567,3766,7443,323,774,15,2367,2933,2259,2276,1990,1088,437,13350,2413,860,0,6966,6340,59,3420,1267,2565,5316,233,564,0,666,891,944,926,1267,921,397,6012,2092,713,0,3258,2753,1,1676,318,1313,2336,104,265
03/16/2021,21605,825775,15066,543237,0.202,7506,291425,0.108,23,3097,3939,3424,3523,4118,2446,1035,21582,5568,1839,0,11493,10000,112,5479,1729,4715,8315,426,941,19,2428,3130,2638,2709,2581,1059,502,15047,2539,899,0,7877,7123,66,3932,1253,3476,5414,289,702,4,795,1011,1014,1035,1670,1415,562,7502,3119,986,0,4128,3326,52,1857,521,1371,3199,175,383
03/17/2021,22336,848111,16570,559807,0.208,6427,297852,0.111,29,3503,4424,3757,3787,3688,2166,982,22307,4931,1807,0,12149,10112,75,6632,1532,4557,8338,432,845,23,2850,3528,2947,2984,2510,1139,589,16547,2703,1039,0,8922,7593,55,4918,1162,3412,6104,301,673,7,740,1011,964,941,1275,1071,418,6420,2322,808,0,3584,2821,22,1965,390,1255,2434,154,229
03/18/2021,23987,872098,17481,577288,0.214,7178,305030,0.113,55,3567,4793,3743,3842,4641,2166,1180,23932,5144,1987,0,12615,11132,240,6371,1535,4857,9582,515,1127,50,2819,3796,2848,2921,3302,1135,610,17431,2702,1029,0,9151,8117,213,4420,1169,3455,7168,383,886,6,837,1140,1024,1075,1423,1068,605,7172,2540,1007,0,3800,3347,31,2211,389,1530,2601,152,295
03/19/2021,24093,896191,17899,595187,0.221,7129,312159,0.116,63,3664,4754,3933,4041,4562,2014,1062,24030,4799,1865,0,13185,10810,98,6603,1520,5126,9317,519,1008,53,2875,3725,3092,3169,3362,1067,556,17846,2595,976,0,9664,8175,60,4817,1133,3738,7010,399,802,12,956,1259,1048,1072,1298,963,521,7117,2258,910,0,3899,3191,39,2100,420,1503,2685,138,283
03/20/2021,16371,912562,12217,607404,0.225,5869,318028,0.118,38,2538,3385,2932,2873,2493,1401,711,16333,3343,1229,0,8748,7574,49,5408,1264,2786,5940,308,665,32,2023,2816,2236,2201,1698,806,405,12185,1973,697,0,6391,5782,44,3577,954,2158,4780,212,536,8,794,1038,1046,1030,992,636,325,5861,1489,561,0,3253,2606,10,2287,398,888,1958,121,217
03/21/2021,10787,923349,8654,616058,0.229,2502,320530,0.119,25,1802,2333,1974,2041,1567,707,338,10762,1635,620,0,5926,4817,44,2133,830,2467,4404,210,743,18,1564,2036,1632,1635,1107,449,213,8636,1048,384,0,4626,3992,36,1700,732,1932,3546,158,586,7,321,413,406,479,486,263,127,2495,602,239,0,1499,994,9,482,118,591,1078,64,169
03/22/2021,20108,943457,15704,631762,0.235,4961,325491,0.121,45,3235,4425,3651,3492,2944,1546,770,20063,3552,1384,0,10430,9594,84,5179,1550,3714,8437,356,872,41,2793,3824,2998,2865,1988,794,401,15663,1823,723,0,8047,7619,38,3878,1301,2503,7084,268,670,4,535,688,781,773,1034,771,375,4957,1781,676,0,2612,2303,46,1549,264,1284,1515,94,255
03/23/2021,22722,966179,17604,649366,0.241,5960,331451,0.123,53,3485,4559,3664,5183,3349,1654,775,22669,3873,1382,0,11965,10690,67,5531,1649,3860,10140,544,998,49,2907,3739,2856,4469,2297,884,403,17555,2068,726,0,9200,8351,53,3801,1308,2817,8487,412,779,4,719,982,993,925,1153,796,388,5956,1868,686,0,3164,2779,17,2052,386,1202,1906,159,255
03/24/2021,22970,989149,17293,666659,0.247,6445,337896,0.125,65,3741,4838,4033,4079,3498,1836,880,22905,4175,1613,0,12339,10569,62,6217,1712,4563,9087,425,966,59,3125,3947,3212,3239,2382,901,428,17234,2091,780,0,9168,8066,59,4412,1381,3254,7187,322,737,6,711,1036,982,1010,1248,973,479,6439,2196,867,0,3534,2906,5,2086,370,1442,2179,120,248
01/02/2021,1470,39320,1470,39320,0.015,0,0,0,1,275,321,183,195,144,100,251,1469,411,298,0,1029,441,0,182,100,144,819,65,160,1,275,321,183,195,144,100,251,1469,411,298,0,1029,441,0,182,100,144,819,65,160,0,0,0,0,0,0,0,0,0,0,0,0,0,0,0,0,0,0,0,0,0
01/03/2021,1103,40423,1076,40396,0.015,27,27,0,0,287,285,175,136,82,57,81,1103,170,105,0,715,383,5,111,172,116,494,40,170,0,283,274,171,134,80,54,80,1076,166,103,0,704,367,5,108,170,114,479,38,167,0,4,11,4,2,2,3,1,27,4,2,0,11,16,0,3,2,2,15,2,3
01/04/2021,3615,44038,3413,43809,0.016,202,229,0,0,922,893,544,548,404,138,166,3615,455,212,0,2297,1265,53,535,444,571,1486,180,399,0,870,804,515,527,394,138,165,3413,450,211,0,2168,1192,53,520,420,545,1376,171,381,0,52,89,29,21,10,0,1,202,5,1,0,129,73,0,15,24,26,110,9,18
01/05/2021,4534,48572,4276,48085,0.018,258,487,0,3,1198,1238,738,604,515,152,86,4531,461,129,0,2808,1577,149,577,433,764,1876,235,649,3,1141,1133,698,572,493,150,86,4273,447,127,0,2647,1481,148,559,404,735,1737,228,613,0,57,105,40,32,22,2,0,258,14,2,0,161,96,1,18,29,29,139,7,36
12/28/2020,2297,26780,2297,26780,0.01,0,0,0,1,413,641,385,392,301,91,73,2296,295,110,0,1472,747,78,305,203,494,870,120,305,1,413,641,385,392,301,91,73,2296,295,110,0,1472,747,78,305,203,494,870,120,305,0,0,0,0,0,0,0,0,0,0,0,0,0,0,0,0,0,0,0,0,0
12/29/2020,4002,30782,4002,30782,0.011,0,0,0,0,868,1118,711,580,500,139,86,4002,417,141,0,2617,1334,51,648,387,677,1711,141,438,0,868,1118,711,580,500,139,86,4002,417,141,0,2617,1334,51,648,387,677,1711,141,438,0,0,0,0,0,0,0,0,0,0,0,0,0,0,0,0,0,0,0,0,0
12/30/2020,4950,35732,4950,35732,0.013,0,0,0,2,1154,1253,811,772,587,217,154,4948,612,241,0,3237,1676,37,779,533,801,2122,179,536,2,1154,1253,811,772,587,217,154,4948,612,241,0,3237,1676,37,779,533,801,2122,179,536,0,0,0,0,0,0,0,0,0,0,0,0,0,0,0,0,0,0,0,0,0
12/31/2020,1971,37703,1971,37703,0.014,0,0,0,0,582,525,370,276,175,37,6,1971,108,22,0,1278,691,2,307,262,259,850,88,205,0,582,525,370,276,175,37,6,1971,108,22,0,1278,691,2,307,262,259,850,88,205,0,0,0,0,0,0,0,0,0,0,0,0,0,0,0,0,0,0,0,0,0
01/01/2021,147,37850,147,37850,0.014,0,0,0,0,46,36,27,21,8,7,2,147,14,5,0,93,54,0,9,7,4,67,16,44,0,46,36,27,21,8,7,2,147,14,5,0,93,54,0,9,7,4,67,16,44,0,0,0,0,0,0,0,0,0,0,0,0,0,0,0,0,0,0,0,0,0
01/06/2021,3910,52482,3190,51275,0.019,720,1207,0,0,782,957,655,664,561,187,104,3910,507,166,0,2354,1547,9,511,428,840,1489,156,486,0,633,707,524,567,484,177,98,3190,468,159,0,1906,1280,4,442,333,774,1118,122,401,0,149,250,131,97,77,10,6,720,39,7,0,448,267,5,69,95,66,371,34,85
03/08/2021,13304,668966,7319,440450,0.163,6736,230969,0.086,12,1453,2210,1933,2152,2795,1859,890,13292,4318,1588,0,7307,5926,71,3602,862,3022,4447,335,1036,10,898,1337,1258,1325,1335,756,400,7309,1741,691,0,3965,3303,51,1954,420,1875,2200,190,680,2,650,1013,822,985,1592,1151,521,6734,2709,944,0,3713,3001,22,1844,479,1338,2493,167,415
03/09/2021,17252,686218,9704,450154,0.167,8242,239211,0.089,22,1853,2544,2441,2499,3804,3017,1072,17230,6594,2114,0,9463,7746,43,4465,1130,3659,6944,349,705,12,1229,1588,1501,1631,1919,1246,578,9692,2906,1079,0,5308,4371,25,2781,632,2406,3259,181,445,10,723,1103,1072,1022,1978,1813,521,8232,3786,1081,0,4506,3717,19,1852,545,1375,3982,182,306
